implementation,N,time_sec,checksum
CPU,512,0.113759,32879238.231415
CPU,1024,0.832843,263190695.902557
CPU,2048,9.838592,2106586845.082794